{
  "epoch": [
    1,
    2,
    3,
    4,
    5,
    6,
    7,
    8,
    9,
    10,
    11,
    12,
    13,
    14,
    15,
    16,
    17,
    18,
    19,
    20,
    21,
    22,
    23,
    24,
    25,
    26,
    27,
    28,
    29,
    30,
    31,
    32,
    33,
    34,
    35,
    36
  ],
  "train_losses": [
    0.47632788517318536,
    0.43885670146051103,
    0.42891835138050083,
    0.4214616747612649,
    0.4170829791586009,
    0.41259924021173033,
    0.4079160564867685,
    0.404429592736665,
    0.40353742964172895,
    0.3989392182377066,
    0.3967772363844456,
    0.39727730501811886,
    0.3970126349764991,
    0.3845576181056652,
    0.37911823799938765,
    0.3779708091083442,
    0.3768972548536412,
    0.3755030512368646,
    0.3727605058626374,
    0.36586361527994316,
    0.3641187549464467,
    0.36402779661815104,
    0.3626703435794608,
    0.3630371275431133,
    0.3613996893636172,
    0.3594808488753413,
    0.3604776564292837,
    0.35553632928859735,
    0.3535548546295492,
    0.3523034408454207,
    0.35303398493977195,
    0.35099349847058253,
    0.35085520328855646,
    0.3497640101530285,
    0.34781666302658915,
    0.3475605639509312
  ],
  "val_losses": [
    0.46097982534623233,
    0.4794607646900789,
    0.4639443662773639,
    0.47767711999891427,
    0.47470290442014534,
    0.4845765482125687,
    0.4158386891068568,
    0.4465862613762437,
    0.4314885010248621,
    0.43409166806738314,
    0.45570106925339715,
    0.45672847396553223,
    0.47289669018829883,
    0.45059097165111245,
    0.44188240461903744,
    0.41586191407868783,
    0.4554349385834268,
    0.4345783344933907,
    0.4491009285529161,
    0.4418418544354914,
    0.407955196730765,
    0.43628815894197276,
    0.4313220254169619,
    0.4404905822774141,
    0.4388570893294697,
    0.4459417099442429,
    0.40831846026256957,
    0.43158281316836383,
    0.425728163266094,
    0.4334365325220397,
    0.41845637323451657,
    0.4415319938061422,
    0.4517850284206911,
    0.43335641200252123,
    0.4420683987136257,
    0.4402202978675216
  ],
  "learning rate(lr)": [
    0.0001,
    0.0001,
    0.0001,
    0.0001,
    0.0001,
    0.0001,
    0.0001,
    0.0001,
    0.0001,
    0.0001,
    0.0001,
    0.0001,
    0.0001,
    5e-05,
    5e-05,
    5e-05,
    5e-05,
    5e-05,
    5e-05,
    2.5e-05,
    2.5e-05,
    2.5e-05,
    2.5e-05,
    2.5e-05,
    2.5e-05,
    2.5e-05,
    2.5e-05,
    1.25e-05,
    1.25e-05,
    1.25e-05,
    1.25e-05,
    1.25e-05,
    1.25e-05,
    6.25e-06,
    6.25e-06,
    6.25e-06
  ]
}